BRDYEAR,mean_max_depth,max_depth,AirTemp,WaterTemp,num_egg_masses,mean_percent_sub,mean_percent_emerg,mean_percent_water,proportion_high_water_vis,proportion_na_water_vis,yearly_rain,yearly_rain_lag,interpolated_canopy,WaterVis,BRDYEAR_scaled,mean_percent_sub_scaled,mean_percent_emerg_scaled,mean_percent_water_scaled,interpolated_canopy_scaled,yearly_rain_scaled,mean_max_depth_scaled,max_depth_scaled,AirTemp_scaled,WaterTemp_scaled,yearly_rain_lag_scaled,num_egg_masses_lag
2018.9166666666667,0.9010080567580567,1.1952777777777779,16.43609288653733,12.139631466784245,23.5,8.220814627759072,36.26675451606007,56.10536515953183,0.5602342873176206,0.15851003420447865,33.823796296296294,35.3587962962963,31.342295897034457,0.5,0.39739692962913337,0.0418432962866781,0.028134833273752335,-0.038402120063300356,0.12148895267173665,-0.07551779970173157,-0.01917015234051035,0.038235223951823535,0.09045216945013348,-0.03096042133767013,0.06059871380208598,18.01851851851852
