BRDYEAR,max_depth,WaterTemp,num_egg_masses,mean_percent_sub,mean_percent_water,proportion_high_water_vis,proportion_na_water_vis,yearly_rain,yearly_rain_lag,interpolated_canopy
5.01088351004881,0.6489422928037922,2.693051333667606,31.82313645865225,12.822917276970767,27.076232006571743,0.36692537161480215,0.25392542998938267,34.64034353280074,30.890657067231892,32.76894090055879
