BRDYEAR,mean_max_depth,max_depth,AirTemp,WaterTemp,num_egg_masses,mean_percent_sub,mean_percent_emerg,mean_percent_water,proportion_high_water_vis,proportion_na_water_vis,yearly_rain,yearly_rain_lag,interpolated_canopy,WaterVis
2017.0702702702702,0.909918369018369,1.171891891891892,16.22601497211497,12.222757974757975,17.762162162162163,7.694257634257634,35.535335712335716,57.12402956202956,0.5240550290550291,0.14238013796837326,34.82756756756757,34.618702702702706,27.267578292578293,0.4864864864864865
