BRDYEAR,max_depth,WaterTemp,num_egg_masses,mean_percent_sub,mean_percent_water,proportion_high_water_vis,proportion_na_water_vis,yearly_rain,yearly_rain_lag,interpolated_canopy
2016.7312775330397,1.1652863436123349,12.211160002503615,17.374449339207047,7.348898678414097,57.069686639840825,0.4878512945693562,0.2144671738672775,89.36973215859031,87.8432704845815,25.274673258704095
