BRDYEAR,WaterTemp,num_egg_masses,mean_percent_sub,mean_percent_water,proportion_high_water_vis,proportion_na_water_vis,yearly_rain,yearly_rain_lag,interpolated_canopy
2016.7632653061225,12.191299267625798,17.53061224489796,8.266938775510203,56.83480004122861,0.4953716464940955,0.21908455156954557,88.83012408163266,87.81619755102041,25.495227788084932
