BRDYEAR,max_depth,WaterTemp,num_egg_masses,mean_percent_sub,mean_percent_water,proportion_high_water_vis,proportion_na_water_vis,yearly_rain,yearly_rain_lag,interpolated_canopy
2016.7587719298247,1.1675438596491228,12.190935616527721,17.32017543859649,7.316666666666666,57.257977487911695,0.48571159590896434,0.21352652836785962,89.56407631578948,87.71355263157895,25.29539837599048
