BRDYEAR,mean_max_depth,max_depth,AirTemp,WaterTemp,num_egg_masses,mean_percent_sub,mean_percent_emerg,mean_percent_water,proportion_high_water_vis,proportion_na_water_vis,yearly_rain,yearly_rain_lag,interpolated_canopy,WaterVis
2017.108695652174,0.900207004046678,1.1353260869565218,16.233052708764664,12.242344004123895,16.652173913043477,7.568980566534915,35.637085725265074,57.04323495043604,0.5370092618733923,0.13773210041592393,88.48600760869566,88.30931195652174,27.38135136300897,0.4945652173913043
