BRDYEAR,max_depth,WaterTemp,num_egg_masses,mean_percent_sub,mean_percent_water,proportion_high_water_vis,proportion_na_water_vis,yearly_rain,yearly_rain_lag,interpolated_canopy
5.004691573036111,0.6494785395967666,2.681593888218309,31.882886621498447,12.841995313133552,26.986053648695304,0.3663079052120895,0.25408816423214536,34.59209944431627,30.896625940323144,32.839860906037174
