BRDYEAR,WaterTemp,num_egg_masses,mean_percent_sub,mean_percent_water,proportion_high_water_vis,proportion_na_water_vis,yearly_rain,yearly_rain_lag,interpolated_canopy,BRDYEAR_scaled,mean_percent_sub_scaled,mean_percent_water_scaled,interpolated_canopy_scaled,yearly_rain_scaled,WaterTemp_scaled,yearly_rain_lag_scaled,num_egg_masses_lag
3.8887145501965517,2.731037006494625,38.27335389582202,15.653514371913307,26.34946275708649,0.344251319097116,0.20206501377256664,36.08824231910906,31.58006947421767,33.90877170753301,0.7837879364234916,1.068691818863952,0.9665716518228864,1.0419418401667353,1.0440416476582322,1.0249027571054874,1.0247615334685676,32.831224029654315
