BRDYEAR,mean_max_depth,max_depth,AirTemp,WaterTemp,num_egg_masses,mean_percent_sub,mean_percent_emerg,mean_percent_water,proportion_high_water_vis,proportion_na_water_vis,yearly_rain,yearly_rain_lag,interpolated_canopy,WaterVis
4.634054325487099,0.46749747826545923,0.5934689187877644,2.37746657140108,2.768532853916892,30.008536047022286,12.656778852976235,25.952741378916585,26.445487018740184,0.3555774126120129,0.17860237408082671,33.8787020059123,31.21884620734548,33.5955182036109,0.501334640687194
