BRDYEAR,mean_max_depth,max_depth,AirTemp,WaterTemp,num_egg_masses,mean_percent_sub,mean_percent_emerg,mean_percent_water,proportion_high_water_vis,proportion_na_water_vis,yearly_rain,yearly_rain_lag,interpolated_canopy,WaterVis
4.646227131446738,0.4648013277120888,0.6116319840404789,2.3225304124759187,2.684928188383183,30.181654298086656,12.584022776166435,25.996912674322264,26.526254301028565,0.3494850734309334,0.17945591936414212,13.291850070259096,12.21302478482827,33.53981999882788,0.5011737105351894
