BRDYEAR,mean_max_depth,max_depth,AirTemp,WaterTemp,num_egg_masses,mean_percent_sub,mean_percent_emerg,mean_percent_water,proportion_high_water_vis,proportion_na_water_vis,yearly_rain,yearly_rain_lag,interpolated_canopy,WaterVis,BRDYEAR_scaled,mean_percent_sub_scaled,mean_percent_emerg_scaled,mean_percent_water_scaled,interpolated_canopy_scaled,yearly_rain_scaled,mean_max_depth_scaled,max_depth_scaled,AirTemp_scaled,WaterTemp_scaled,yearly_rain_lag_scaled,num_egg_masses_lag
3.6432628900453103,0.4194517188000768,0.6150791428953856,2.244811674577441,2.9418029667001293,35.39615587132718,12.915843442764693,24.573129988290145,25.166163302498518,0.33877003856291155,0.1662974134715965,13.95532643547738,12.56498462889916,35.72113492726309,0.5023310149673528,0.7841336178739232,1.0263684095698484,0.9452326242016259,0.9487266093774381,1.0650365723045454,1.0499160283716134,0.9024322732999961,1.0056360016232875,0.9665370418914659,1.0956728673147984,1.0288184008688914,28.7119049461224
