BRDYEAR,WaterTemp,num_egg_masses,mean_percent_sub,mean_percent_water,proportion_high_water_vis,proportion_na_water_vis,yearly_rain,yearly_rain_lag,interpolated_canopy
4.961437104966393,2.6646791488858637,33.38161246634333,14.647360535194712,27.260744412887806,0.36994460407443985,0.2533056606429208,34.565902998270595,30.8169934592752,32.54382384923405
