BRDYEAR,num_egg_masses
6.526458882056306,29.965165283874736
