BRDYEAR,num_egg_masses
2015.3689727463313,14.025157232704403
